nombre,artista,id_artista,año
Just the Way You Are,Bruno Mars,0du5cEVh5yTK9QJze8zA0C,2010
Angels Cry,Mariah Carey,4iHNK0tOyZPYnBU7nGAgpQ,2010
Only Girl (In The World),Rihanna,5pKCCKE2ajJHZ9KAiaK11H,2010
The Real Slim Shady - Edited,Eminem,7dGJo4pcD2V6oG8kP0tJRR,2010
The Spins,Mac Miller,4LLpKhyESsyAXpc4laK94U,2010
Smooth Criminal,Michael Jackson,3fMbdgg4jU18AjLCKBhRSm,2010
S&M,Rihanna,5pKCCKE2ajJHZ9KAiaK11H,2010
Estuve a punto de - Entrevista,Miguel Bosé,7mWCSSOYqm4E9mB7V4ot6S,2010
DJ Got Us Fallin' In Love (feat. Pitbull),USHER,23zg3TcAtWQy7J6upgbUnj,2010
Alice,Avril Lavigne,0p4nmQO2msCgU4IF37Wi3j,2010
Marry You,Bruno Mars,0du5cEVh5yTK9QJze8zA0C,2010
Let You Go,Chase & Status,3jNkaOXasoc7RsxdchvEVq,2010
Runaway,Kanye West,5K4W6rqBFWDnAN6FQUkS6x,2010
Eu Sou O Samba - Live From Brazil/2010,Alexandre Pires,0Rrl4hJQjRAbGtiEwAqS5N,2010
Love The Way You Lie,Eminem,7dGJo4pcD2V6oG8kP0tJRR,2010
Find Your Love - Extended Version,Drake,3TVXtAsR1Inumwj472S9r4,2010
"Hey, Soul Sister",Train,3FUY2gzHeIiaesXtOAdB7A,2010
The Fear,Lily Allen,13saZpZnCDWOI9D4IJhp1f,2010
Grenade,Bruno Mars,0du5cEVh5yTK9QJze8zA0C,2010
Guess I'm Doing Fine,Bob Dylan,74ASZWbe4lXaubB36ztrGX,2010
Memories (feat. Kid Cudi),David Guetta,1Cs0zKBU1kc0i8ypK3B9ai,2010
Politik Kills,Manu Chao,6wH6iStAh4KIaWfuhf0NYM,2010
What You Know,Two Door Cinema Club,536BYVgOnRky0xjsPT96zl,2010
The Beautiful People - From Burlesque,Christina Aguilera,1l7ZsJRRS8wlW3WfJfPfNS,2010
Last Friday Night (T.G.I.F.),Katy Perry,6jJ0s89eD6GaHleKKya26X,2010
Teenage Dream,Katy Perry,6jJ0s89eD6GaHleKKya26X,2010
All Of The Lights,Kanye West,5K4W6rqBFWDnAN6FQUkS6x,2010
Journey To Regionals Performance,Glee Cast,0SCbttzoZTnLFebDYmAWCm,2010
TiK ToK,Kesha,6LqNN22kT3074XbTVUrhzX,2010
I Wanna Be Free - Short Edit,Voltaj,42gT1APXU1oJyVU2zZ3McB,2010
Sure Thing,Miguel,360IAlyVv4PCEVjgyMZrxK,2010
Chelsea Smile (Live in Mexico City),Bring Me The Horizon,1Ffb6ejR6Fe5IamqA5oRUF,2010
"Moves Like Jagger - Studio Recording From ""The Voice"" Performance",Maroon 5,04gDigrS5kc9YWfZHwBETP,2010
Mau Tapi Malu (with Maía),Gita Gutawa,4V1Io5SwSO4CwaUbgLMYvz,2010
Je te laisserai des mots,Patrick Watson,7bPs6jf983f0bjRAt1yxDM,2010
Bad,Michael Jackson,3fMbdgg4jU18AjLCKBhRSm,2010
Sexy Bitch (feat. Akon),David Guetta,1Cs0zKBU1kc0i8ypK3B9ai,2010
Alface - Ao vivo,Adriana Partimpim,3Tm1aSSPoM8fTDoYmWJt4t,2010
Cooler Than Me - Single Mix,Mike Posner,2KsP6tYLJlTBvSUxnwlVWa,2010
Desce A Madeira - Ao Vivo,Parangolé,2v5eqze59fqRes2e5QVGhf,2010
POWER,Kanye West,5K4W6rqBFWDnAN6FQUkS6x,2010
Wees Maar Niet Bang,Guus Meeuwis,72qVrKXRp9GeFQOesj0Pmv,2010
Talking to the Moon,Bruno Mars,0du5cEVh5yTK9QJze8zA0C,2010
Come Together,Michael Jackson,3fMbdgg4jU18AjLCKBhRSm,2010
Club Can't Handle Me (feat. David Guetta),Flo Rida,0jnsk9HBra6NMjO2oANoPY,2010
Speed Demon,Michael Jackson,3fMbdgg4jU18AjLCKBhRSm,2010
Raise Your Glass,P!nk,1KCSPY1glIKqW2TotWuXOR,2010
I've Come To Life,Edita,2CmCfAPJTWv8KQCs16s1RO,2010
Just Can’t Get Enough,Black Eyed Peas,1yxSLGMDHlW21z4YXirZDS,2010
Gorillaz: Journey to Plastic Beach,Gorillaz,3AA28KZvwAUcZuOKwyblJQ,2010
Give Me Everything (feat. Nayer),Pitbull,0TnOYISbd1XYRBk9myaseg,2011
Plastic Dreams 2003,JayDee,7KPJmQFgSlaOCgTzccTA01,2011
Titanium (feat. Sia),David Guetta,1Cs0zKBU1kc0i8ypK3B9ai,2011
Ballada o Janku Wisniewskim,Kazik,21gNCgi8Mt4VjkvxchTQJk,2011
Someone Like You,Adele,4dpARuHxo51G3z768sgnrY,2011
Eu Aposto - Ao Vivo,Eduardo Costa,2OUgs5INWK2UEvZ6amWiJr,2011
Champagne Coast,Blood Orange,6LEeAFiJF8OuPx747e1wxR,2011
Marry The Night,Lady Gaga,1HY2Jd0NmPuamShAr6KMms,2011
We Found Love,Rihanna,5pKCCKE2ajJHZ9KAiaK11H,2011
¿Qué sería?,David Cavazos,1dsX2yN51RAijy5uceP5dA,2011
Somebody That I Used To Know,Gotye,2AsusXITU8P25dlRNhcAbG,2011
たいせつな光 （なでしこver.）,fumika,4FPhimiDlyEUsTSMWAUrhG,2011
Levels - Radio Edit,Avicii,1vCWHaC5f2uS3yhpwWbIA6,2011
Del sur,Vargas Blues Band,3K6ueahyMBq96ZtDjo9LSn,2011
Pumped Up Kicks,Foster The People,7gP3bB2nilZXLfPHJhMdvc,2011
Die Zeit hält nur in Träumen an (Song),Peter Maffay,5W3s4beu23rOlseCbVOp4l,2011
Paradise,Coldplay,4gzpq5DPGxSnKTe4SA8HAU,2011
Run the World (Girls),Beyoncé,6vWDO969PvNqNYHIOW5v0m,2011
Set Fire to the Rain,Adele,4dpARuHxo51G3z768sgnrY,2011
No hay mañanas,Revolver,2SAPkzCWSR5iX7dE4hVcqB,2011
Rolling in the Deep,Adele,4dpARuHxo51G3z768sgnrY,2011
High Tide Or Low Tide: Save The Children's East Africa Fund,Bob Marley & The Wailers,2QsynagSdAqZj3U9HgDzjD,2011
Les,Childish Gambino,73sIBHcqh3Z3NyqHKZ7FOL,2011
Malam,Stereosoul,0ya5AesBm6CQeV4jJ0la0i,2011
Novacane,Frank Ocean,2h93pZq0e7k5yf4dywlkpM,2011
"Crawling - Live from the iTunes Festival at the Roundhouse, London, England, 7/4/2011",Linkin Park,6XyY86QOPPrYVGvF9ch6wz,2011
International Love (feat. Chris Brown),Pitbull,0TnOYISbd1XYRBk9myaseg,2011
Train Of Love - Early Demo from Cash Bootleg Vol. II,Johnny Cash,6kACVPfCOnqzgfEF5ryl0x,2011
Heartbeat,Childish Gambino,73sIBHcqh3Z3NyqHKZ7FOL,2011
"Black and Yellow (feat. Juicy J, Snoop Dogg & T-Pain)",Wiz Khalifa,137W8MRPWKqSmrBGDBFSop,2011
Midnight City,M83,63MQldklfxkjYDoUE4Tppz,2011
Shipping Steel - Live at Manly Vale Hotel 1980,Cold Chisel,1VcbchGlIfo3Gylxc3F076,2011
Spectrum (Say My Name) - Calvin Harris Remix,Florence + The Machine,1moxjboGR7GNWYIMWsRjgG,2011
Like A Rolling Stone (from Winterland),Jimi Hendrix,776Uo845nYHJpNaStv1Ds4,2011
Ni**as In Paris,JAY-Z,3nFkdlSjzX9mRTtwJOzDYB,2011
Хэндз ап!,Basta,7as5DY4Rz9jac9tgoTrj9H,2011
Work Out,J. Cole,6l3HvQ5sa6mXTsMTB19rO5,2011
Quiero aire,Revolver,2SAPkzCWSR5iX7dE4hVcqB,2011
Headlines,Drake,3TVXtAsR1Inumwj472S9r4,2011
Vespro della Beata Vergine: Laetatus Sum - Sonata sopra Sancta Maria - Pulchra Es - Dixit Dominus,Claudio Monteverdi,5iAhVgz6P8Nylxijb0C65v,2011
No Church In The Wild,JAY-Z,3nFkdlSjzX9mRTtwJOzDYB,2011
Soñé - Live,Zoé,6IdtcAwaNVAggwd6sCKgTI,2011
Domino,Jessie J,2gsggkzM5R49q6jpPvazou,2011
Problemas,Ana Carolina,4HP9KltldfmkH2M2pQozzN,2011
On The Floor,Jennifer Lopez,2DlGxzQSjYe5N6G9nkYghR,2011
World of Glory with JOE INOUE,TOTALFAT,2Bxu9stwgeIGzYeTNRicKE,2011
Shake It Out,Florence + The Machine,1moxjboGR7GNWYIMWsRjgG,2011
Tonight (I'm F****** You),Enrique Iglesias,7qG3b048QCHVRO5Pv1T5lw,2011
Galway Girl,Mundy,5KxKApyBL5ZQaz7bAvGaHR,2011
La Mané - Version Mexico,CantaJuego,1A4041ctH86ZE5rFqr0Poe,2011
Timber,Pitbull,0TnOYISbd1XYRBk9myaseg,2012
Thoda Thoda,Shreya Ghoshal,0oOet2f43PA68X5RxKobEy,2012
Can't Hold Us (feat. Ray Dalton),Macklemore,3JhNCzhSMTxs9WLGJJxWOY,2012
Bede Z Toba,Lemon,3GqZI2mcDNtrVB8pRP61Tu,2012
Locked out of Heaven,Bruno Mars,0du5cEVh5yTK9QJze8zA0C,2012
"Pani Da Rang (From ""Vicky Donor"") - Male Vocals",Abhishek - Akshay,3hbbfkU5rc1rhxiaE18JQg,2012
Ho Hey,The Lumineers,16oZKvXb6WkQlVAjwo2Wbg,2012
Let Me Love You (Until You Learn To Love Yourself) - Director's Cut (Explicit),Ne-Yo,21E3waRsmPlU7jZsS13rcj,2012
Money Trees,Kendrick Lamar,2YZyLoL8N0Wb9xBt1NhZWg,2012
Lågsus (feat. Medina),Specktors,36Na2YYP8im6qQJBZu2fsa,2012
Stubborn Love,The Lumineers,16oZKvXb6WkQlVAjwo2Wbg,2012
Hardkor i disko,Sofa,27JQGGtjn9Czzx34UHoxMP,2012
Little Talks,Of Monsters and Men,4dwdTW1Lfiq0cM8nBAqIIz,2012
Losing You,Revolver,2SAPkzCWSR5iX7dE4hVcqB,2012
Lost,Frank Ocean,2h93pZq0e7k5yf4dywlkpM,2012
"Rum Whisky (From ""Vicky Donor"")",Abhishek - Akshay,3hbbfkU5rc1rhxiaE18JQg,2012
Drive By,Train,3FUY2gzHeIiaesXtOAdB7A,2012
Magia - Intro,Maluma,1r4hJ1h58CWwUQe3MxPuau,2012
Feel So Close - Radio Edit,Calvin Harris,7CajNmpbOovFoOoasH2HaY,2012
Wind Song,Revolver,2SAPkzCWSR5iX7dE4hVcqB,2012
When I Was Your Man,Bruno Mars,0du5cEVh5yTK9QJze8zA0C,2012
Guiding Light,Mark Wonder,7bVL3LNPkn7Lqbt0JSVQSu,2012
Video Games,Lana Del Rey,00FQb4jTyendYWaN8pK0wa,2012
"He Touched Me - Live At Majestic Theatre, San Antonio, TX/2009",Gaither Vocal Band,0pjLiK5qb4Zr0PWRNkdd2o,2012
I Will Wait,Mumford & Sons,3gd8FJtBJtkRxdfbTu19U2,2012
Ayaş Kalsın Sizlere / Ekin Ektim Düzlere,Mehmet Demirtaş,7fS4b00IU7XxRQZzJL6c7W,2012
Hall of Fame (feat. will.i.am),The Script,3AQRLZ9PuTAozP28Skbq8V,2012
Love In Any Language - Live,Bill & Gloria Gaither,11sAWrpIkFUPQlXoQqpeBV,2012
Stay,Rihanna,5pKCCKE2ajJHZ9KAiaK11H,2012
The Sick Note,The Dubliners,72RvmgEg2omdlMV9aExO6a,2012
Thinkin Bout You,Frank Ocean,2h93pZq0e7k5yf4dywlkpM,2012
Serpentyny i mydlane bańki,Sofa,27JQGGtjn9Czzx34UHoxMP,2012
Call Me Maybe,Carly Rae Jepsen,6sFIWsNpZYqfjUpaCgueju,2012
"Diamonds On The Soles Of Her Shoes - from The African Concert, 1987",Paul Simon,2CvCyf1gEVhI0mX6aFXmVI,2012
Summertime Sadness,Lana Del Rey,00FQb4jTyendYWaN8pK0wa,2012
Magic (feat. T.I.),Future,1RyvyyTE3xzB2ZywiAwp0i,2012
Demons,Imagine Dragons,53XhwfbYqKCa1cC15pYq2q,2012
アルタイル,秦 基博 meets 坂道のアポロン,6zbJYUN1FfUnEUAJpLHwCD,2012
Classic,MKTO,2l35CQqtYRh3d8ZIiBep4v,2012
Така ми говори,Kali,0j4z7kUnuRChYom1rytlQY,2012
Wild Ones (feat. Sia),Flo Rida,0jnsk9HBra6NMjO2oANoPY,2012
When We Don't Exist Reissue (Learn Your Place),Like Moths To Flames,6RRpZz1uPqY9E28kmSPAhw,2012
Starships,Nicki Minaj,0hCNtLu0JehylgoiP8L4Gh,2012
I Love It (feat. Charli XCX),Icona Pop,1VBflYyxBhnDc9uVib98rw,2012
Try,P!nk,1KCSPY1glIKqW2TotWuXOR,2012
"Arráncame - Directo - Ven, siéntate y me lo cuentas ...",Vanesa Martín,5kSJMVPcTITrSZxTrHllVN,2012
Feel This Moment (feat. Christina Aguilera),Pitbull,0TnOYISbd1XYRBk9myaseg,2012
HYFR (Hell Ya F***ing Right),Drake,3TVXtAsR1Inumwj472S9r4,2012
What Makes You Beautiful,One Direction,4AK6F7OLvEQ5QYCBNiQWHq,2012
Bleeding Hearts Club,P.O.S,4sH7SLGP6BLOYDtcP6Lm47,2012
Wake Me Up,Avicii,1vCWHaC5f2uS3yhpwWbIA6,2013
Bede Z Toba - Hangout Live,Lemon,3GqZI2mcDNtrVB8pRP61Tu,2013
Another Love,Tom Odell,2txHhyCwHjUEpJjWrEyqyX,2013
Byłem (feat. As),Pezet,4z93wkjfGntA0XFqnv4wj7,2013
Story of My Life,One Direction,4AK6F7OLvEQ5QYCBNiQWHq,2013
My Love a Piece of My Love (feat. Snoop Dogg),Abel The Kid,1jFW8Qk6mMFADyD1dbiry2,2013
LoveHate Thing (feat. Sam Dew),Wale,67nwj3Y5sZQLl72VNUHEYE,2013
25 ปี (มีหวัง),พงษ์สิทธิ์ คำภีร์,0lEc37ck2MW2K9L8wV7QpP,2013
I Wanna Be Yours,Arctic Monkeys,7Ln80lUS6He07XvHI8qqHH,2013
Red Light (feat. Snoop Lion),Eddie Murphy,1Zq8pfBl4ejCMrWdeAdphc,2013
Counting Stars,OneRepublic,5Pwc4xIPtQLFEnJriah9YJ,2013
Cups (Pitch Perfect’s “When I’m Gone”) - Director's Cut / Closed-Captioned,Anna Kendrick,6xfqnpe2HnLVUaYXs2F8YS,2013
Do I Wanna Know?,Arctic Monkeys,7Ln80lUS6He07XvHI8qqHH,2013
Tantinho - Ao Vivo,Daniel,2wwWukJBsCikjlj7vlbQkM,2013
Sweater Weather,The Neighbourhood,77SW9BnxLY8rJ0RciFqkHh,2013
San Pedro - Enjoy,Revolver,2SAPkzCWSR5iX7dE4hVcqB,2013
No. 1 Party Anthem,Arctic Monkeys,7Ln80lUS6He07XvHI8qqHH,2013
Nice,Lemon,3GqZI2mcDNtrVB8pRP61Tu,2013
Latch,Disclosure,6nS5roXSAGhTGr34W6n7Et,2013
"Es lo que es, hay lo que hay - Enjoy",Revolver,2SAPkzCWSR5iX7dE4hVcqB,2013
Young And Beautiful,Lana Del Rey,00FQb4jTyendYWaN8pK0wa,2013
Heart-Shaped Box - Director's Cut,Nirvana,6olE6TJLqED3rqDCT0FyPh,2013
All of Me,John Legend,5y2Xq6xcjJb2jVM54GHK3t,2013
Stormy Wagner (Live),Apocalyptica,4Lm0pUvmisUHMdoky5ch2I,2013
Stolen Dance,Milky Chance,1hzfo8twXdOegF3xireCYs,2013
Tú y yo - Enjoy,Revolver,2SAPkzCWSR5iX7dE4hVcqB,2013
Why'd You Only Call Me When You're High?,Arctic Monkeys,7Ln80lUS6He07XvHI8qqHH,2013
Wrecking Ball - Director's Cut,Miley Cyrus,5YGY8feqx7naU7z4HrwZM6,2013
Bound 2,Kanye West,5K4W6rqBFWDnAN6FQUkS6x,2013
Girls,Santigold,6Jrxnp0JgqmeUX1veU591p,2013
Pompeii,Bastille,7EQ0qTo7fWT7DPxmxtSYEc,2013
Rock mi,voXXclub,1MTZLkTHs5s3jUV5ezuSIu,2013
Ribs,Lorde,163tK9Wjr9P9DmM0AVK7lm,2013
เมื่อไหร่จะได้พบเธอ,เต้ ภูริต ภิรมย์ภักดี,50Oc6oBw5HK4iSn03rf5un,2013
Hey Brother,Avicii,1vCWHaC5f2uS3yhpwWbIA6,2013
Estou Apaixonado (Estoy Enamorado) - Ao Vivo,Daniel,2wwWukJBsCikjlj7vlbQkM,2013
La La La,Naughty Boy,1bT7m67vi78r2oqvxrP3X5,2013
"Hello, My Name Is - Live",Matthew West,6e8OTLDQpaz1Tl2GEaxsNj,2013
Cigarette Daydreams,Cage The Elephant,26T3LtbuGT1Fu9m0eRq5X3,2013
Dos Por Dos - (con Miguel Rios)Enjoy,Revolver,2SAPkzCWSR5iX7dE4hVcqB,2013
Let Her Go,Passenger,0gadJ2b9A4SKsB1RFkBb66,2013
No va más - Enjoy,Revolver,2SAPkzCWSR5iX7dE4hVcqB,2013
Still into You,Paramore,74XFHRwlV6OrjEM0A2NCMF,2013
Si no hubiera que correr - Enjoy,Revolver,2SAPkzCWSR5iX7dE4hVcqB,2013
All I Want,Kodaline,4BxCuXFJrSWGi1KHcVqaU4,2013
Tierra baldía - Enjoy,Revolver,2SAPkzCWSR5iX7dE4hVcqB,2013
i was all over her,salvia palth,0pg0Zm8FsGAYy5kdHuBnSo,2013
ใจเอย,สน ยุกต์,5W5jAowtGGqwzcr8DacSiS,2013
I Love It (feat. Charli XCX),Icona Pop,1VBflYyxBhnDc9uVib98rw,2013
Invisibili,Ape Escape,1NAHhp8bXPXpygZRqRdt2i,2013
A Sky Full of Stars,Coldplay,4gzpq5DPGxSnKTe4SA8HAU,2014
"Cheri Cheri Lady (Peters Pop-Show 30.11.1985) - Live from Peters Pop Show, 1985",Modern Talking,79bxUQsBIXO8nVLB9fYKf7,2014
Take Me To Church,Hozier,2FXC3k01G6Gw61bmprjgqS,2014
"You Can Win If You Want (Wetten, dass...? 18.05.1985) - Live from Wetten, dass...?, 1985",Modern Talking,79bxUQsBIXO8nVLB9fYKf7,2014
Do I Wanna Know? - Live At the BBC,Hozier,2FXC3k01G6Gw61bmprjgqS,2014
"Atlantis Is Calling (Na, sowas! 17.05.1986) - Live from Na, sowas!, 1986",Modern Talking,79bxUQsBIXO8nVLB9fYKf7,2014
Someone New,Hozier,2FXC3k01G6Gw61bmprjgqS,2014
"Geronimo's Cadillac (Peters Pop-Show 06.12.1986) - Live from Peters Pop-Show, 1986",Modern Talking,79bxUQsBIXO8nVLB9fYKf7,2014
Shut Up and Dance,WALK THE MOON,6DIS6PRrLS3wbnZsf7vYic,2014
"You Are Not Alone (Wetten, dass...? 20.02.1999) - Live from Wetten, dass...?, 1999",Modern Talking,79bxUQsBIXO8nVLB9fYKf7,2014
Work Song,Hozier,2FXC3k01G6Gw61bmprjgqS,2014
Iré tras de ti,Mr.,5yocZHV4puj9QHb4xAXAtL,2014
Budapest,George Ezra,2ysnwxxNtSgbb9t1m2Ur4j,2014
Il fait chaud,Patrick Sébastien,6EnaTzKZRHzVO1Meqoh1hJ,2014
Night Changes,One Direction,4AK6F7OLvEQ5QYCBNiQWHq,2014
G.U.Y. - An ARTPOP Film,Lady Gaga,1HY2Jd0NmPuamShAr6KMms,2014
No Role Modelz,J. Cole,6l3HvQ5sa6mXTsMTB19rO5,2014
Fragile (Director's Cut),Tech N9ne,6UBA15slIuadJ8h2lPRPos,2014
Time of Our Lives,Pitbull,0TnOYISbd1XYRBk9myaseg,2014
Smile,Abel The Kid,1jFW8Qk6mMFADyD1dbiry2,2014
From Eden,Hozier,2FXC3k01G6Gw61bmprjgqS,2014
"Heaven Will Know (Peters Pop-Show 30.11.1985) - Live from Peters Pop Show, 1985",Modern Talking,79bxUQsBIXO8nVLB9fYKf7,2014
Lovers Rock,TV Girl,0Y6dVaC9DZtPNH4591M42W,2014
好不好,Evan Yo,7JY6f7uRdLtKSHbHlQXduV,2014
Photograph,Ed Sheeran,6eUKZXaKkcviH0Ku9w2n3V,2014
Welcome to the Black Parade - Outtake Version,My Chemical Romance,7FBcuc1gsnv6Y1nwFtNRCb,2014
Riptide,Vance Joy,10exVja0key0uqUkk6LJRT,2014
Live Forever,Oasis,2DaxqgrOhkeH0fpeiQq2f4,2014
My Love,Route 94,1dgdvbogmctybPrGEcnYf6,2014
"Muskurane (Film Version) [From ""Citylights""]",Jeet Gannguli,2kkQthS9OLpK4UqNWYqoVl,2014
Summer,Calvin Harris,7CajNmpbOovFoOoasH2HaY,2014
"Cloud 9 - From ""Cloud 9"" / Original TV Movie Soundtrack",Dove Cameron,2W8yFh0Ga6Yf3jiayVxwkE,2014
The Nights,Avicii,1vCWHaC5f2uS3yhpwWbIA6,2014
Kruhy,Lipo,1EYzuEr3XibJHhM7k60C7Y,2014
Blame It on Me,George Ezra,2ysnwxxNtSgbb9t1m2Ur4j,2014
Magie / 24H,Kurdo,1yIifIA91WgmfzBcjbQB8i,2014
Waves - Robin Schulz Radio Edit,Mr. Probz,33W1pnW9zScZtYTnAoWnOT,2014
Addicted To You - Live,Avicii,1vCWHaC5f2uS3yhpwWbIA6,2014
Fireball (feat. John Ryan),Pitbull,0TnOYISbd1XYRBk9myaseg,2014
All By Myself (ZDF Tele-Illustrierte 17.01.1989) - VOD,Peter Hofmann,4efGIkUGWK4Z4LvG9XKULG,2014
One Last Time,Ariana Grande,66CXWjxzNUsdJxJ2JdwvnR,2014
Main Chick REMIX (feat. Chris Brown & Tyga),Kid Ink,6KZDXtSj0SzGOV705nNeh3,2014
Outside (feat. Ellie Goulding),Calvin Harris,7CajNmpbOovFoOoasH2HaY,2014
My Girl (feat. Trevor Jackson),Diggy,2LuUALONla8DJRSCiGONBp,2014
Shake It Off,Taylor Swift,06HL4z0CvFAxyc27GXpf02,2014
"You're My Heart, You're My Soul (ZDF Tele-Illustrierte 02.01.1985) - Live from ZDF Tele-Illustrierte, 1985",Modern Talking,79bxUQsBIXO8nVLB9fYKf7,2014
Wet Dreamz,J. Cole,6l3HvQ5sa6mXTsMTB19rO5,2014
"Verlieben, verloren, vergessen, verzeih'n (ZDF Länderjournal 31.03.1992) - VOD",Wolfgang Petry,0JLbfIT1Z20raMAVYWtCD7,2014
Riptide,Vance Joy,10exVja0key0uqUkk6LJRT,2014
White Crime,Lil Dicky,1tqhsYv8yBBdwANFNzHtcr,2014
The Night We Met,Lord Huron,6ltzsmQQbmdoHHbLZ4ZN25,2015
言葉のいらない約束,sana,5vsQrdvs38LX8DmUmLUiwb,2015
"White Noise Sleeping Aid to Help My Baby Fall Asleep, Sleep Through the Night",White Noise Baby Sleep,4W12lEvVl5wectUtRNrvDh,2015
Дождь (feat. МакSим),Geegun,5W7N6u4EjCEMKj7bDyzPEC,2015
Tennessee Whiskey,Chris Stapleton,4YLtscXsxbVgi031ovDDdh,2015
你和我的時光,A-Mei Chang,6noxsCszBEEK04kCehugOp,2015
The Less I Know The Better,Tame Impala,5INjqkS1o8h1imAzPqGZBb,2015
ONE FOR YOU into the world,Alisa Takigawa,6fvp9HPqOxcYd7PgyKPF4e,2015
Hold Back The River,James Bay,4EzkuveR9pLvDVFNx6foYD,2015
Wenn du nicht mehr da bist (ZDF Disco 22.11.1982),Rex Gildo,1bgbFPzGjOOXdvg9XKWe39,2015
Adventure of a Lifetime,Coldplay,4gzpq5DPGxSnKTe4SA8HAU,2015
"Deine Freundin - Live In Berlin, Germany / 2014",SDP,1EfwyuCzDQpCslZc8C9gkG,2015
Let It Go,James Bay,4EzkuveR9pLvDVFNx6foYD,2015
On & Off,Fem Fel,61NJMGxlvjOHmWCuJn13sc,2015
Uptown Funk (feat. Bruno Mars),Mark Ronson,3hv9jJF3adDNsBSIQDqcjp,2015
"Igor Levit über ""Bach, Beethoven, Rzewski""",Frederic Rzewski,1kt7FN4DSyZUkiSMRx0XE8,2015
When We Were Young,Adele,4dpARuHxo51G3z768sgnrY,2015
The Florian Trilogy (Cloud Rider - Mothertrucker - Feed Your Head),Paul Kalkbrenner,0rasA5Z5h1ITtHelCpfu9R,2015
Cheerleader (Felix Jaehn Remix) - Radio Edit,OMI,5MouCg6ta7zAxsfMEbc1uh,2015
How Long Has This Been Going On EPK,Van Morrison,44NX2ffIYHr6D4n7RaZF7A,2015
Hymn for the Weekend,Coldplay,4gzpq5DPGxSnKTe4SA8HAU,2015
"Acte I, Athos ""Les 3 Mousquetaires""",Les 3 mousquetaires,0HRGajTZLkDHtBzkalLKW6,2015
Waiting For Love,Avicii,1vCWHaC5f2uS3yhpwWbIA6,2015
Rasta Freedom,Naptali,4UyRfsWJwORMVCcWqw3Nov,2015
FourFiveSeconds,Rihanna,5pKCCKE2ajJHZ9KAiaK11H,2015
When The Whip Comes Down - Live,The Rolling Stones,22bE4uQ6baNwSHPVcDxLCe,2015
Love Yourself,Justin Bieber,1uNFoZAHBGtllmzznpCI3s,2015
"Piano Concerto No. 2 in C Minor, Op. 18 (Excerpt)",Sergei Rachmaninoff,0Kekt6CKSo0m5mivKcoH51,2015
Again,Fetty Wap,6PXS4YHDkKvl1wkIl4V8DL,2015
Richter: Dream 13 (minus even) - Radio Edit,Max Richter,2VZNmg4vCnew4Pavo8zDdW,2015
Alright,Kendrick Lamar,2YZyLoL8N0Wb9xBt1NhZWg,2015
Światła drogowe - Piosenki dla dzieci,Centrum Uśmiechu,3ex29VTrLC0wmJJWaJDzzt,2015
Love In The Dark,Adele,4dpARuHxo51G3z768sgnrY,2015
Ubi Caritas (Live) - Abbey Road x Decca Classics Sessions,Ola Gjeilo,29lbSb4ujaVH5pHnQjFT0G,2015
Sorry,Justin Bieber,1uNFoZAHBGtllmzznpCI3s,2015
9 Shots,50 Cent,3q7HBObVc0L8jNeTe5Gofh,2015
Daddy Issues,The Neighbourhood,77SW9BnxLY8rJ0RciFqkHh,2015
Smooth Sailin' - Live,Leon Bridges,3qnGvpP8Yth1AqSBMqON5x,2015
Stitches,Shawn Mendes,7n2wHs1TKAczGzO7Dd2rGr,2015
Au revoir (ZDF-Fernsehgarten 7.12.2014) - VOD,Mark Forster,7qXzy6c5RWT0XlVQcOBIDG,2015
Payphone,Maroon 5,04gDigrS5kc9YWfZHwBETP,2015
Cava Cava Parte 2 (feat. Don Pixote),Edi Rock,2fYAyTS2erZgqEHKHYqgi2,2015
"Everyday (feat. Rod Stewart, Miguel & Mark Ronson)",A$AP Rocky,13ubrt8QOOCPljQ2FL1Kca,2015
Flash mich (ZDF-Fernsehgarten 7.12.2014) - VOD,Mark Forster,7qXzy6c5RWT0XlVQcOBIDG,2015
What Do You Mean?,Justin Bieber,1uNFoZAHBGtllmzznpCI3s,2015
Cry in the Rain,Ain't No Love,45pMDC55lqAwQ0j8KMU20l,2015
The Hills,The Weeknd,1Xyo4u8uXC1ZmMpatF05PJ,2015
Freibierotto (ZDF-Fernsehgarten 21.09.2014) - VOD,Dorfrocker,5jvJoybRSHYAlPYyz6cnOd,2015
King,Olly Alexander (Years & Years),5vBSrE1xujD2FXYRarbAXc,2015
Shockwave Supernova - On Peregrine Wings (teaser),Joe Satriani,2yzxX2DI9LFK8VFTyW2zZ8,2015
White Ferrari,Frank Ocean,2h93pZq0e7k5yf4dywlkpM,2016
"Ee Khalbitha (From ""IDI"")",Rahul Raj,4kbWDG96QZ2HkyVl9l1EmL,2016
Pink + White,Frank Ocean,2h93pZq0e7k5yf4dywlkpM,2016
Milion słów,Jula,4rgBQ3VAi6oBXB33OfkG3c,2016
One Dance,Drake,3TVXtAsR1Inumwj472S9r4,2016
God Is Gangsta,Kendrick Lamar,2YZyLoL8N0Wb9xBt1NhZWg,2016
Ivy,Frank Ocean,2h93pZq0e7k5yf4dywlkpM,2016
Cliff's Edge,Hayley Kiyoko,3LjhVl7GzYsza1biQjTpaN,2016
Ophelia,The Lumineers,16oZKvXb6WkQlVAjwo2Wbg,2016
M A N I A,The Weeknd,1Xyo4u8uXC1ZmMpatF05PJ,2016
Love On The Brain,Rihanna,5pKCCKE2ajJHZ9KAiaK11H,2016
Von Heinz zu Heinz (Folge 2: NDW),Heinz Rudolf Kunze,77DQHftPzPyCoqSDjdHDxJ,2016
Into You,Ariana Grande,66CXWjxzNUsdJxJ2JdwvnR,2016
Famous,Kanye West,5K4W6rqBFWDnAN6FQUkS6x,2016
Starboy,The Weeknd,1Xyo4u8uXC1ZmMpatF05PJ,2016
Dancing On My Own - 1 Mic 1 Take,Calum Scott,6ydoSd3N2mwgwBHtF6K7eX,2016
That's What I Like,Bruno Mars,0du5cEVh5yTK9QJze8zA0C,2016
Tabarnak,Volo,4FArNa27sFKE9jn64eB29C,2016
Closer,The Chainsmokers,69GGBxA162lTqCwzJG5jLp,2016
Любовь-наркоз (feat. Стас Михайлов),Geegun,5W7N6u4EjCEMKj7bDyzPEC,2016
Cigarettes out the Window,TV Girl,0Y6dVaC9DZtPNH4591M42W,2016
Blow Your Mind (Mwah) - BRITs 2017 Critics Choice Session,Dua Lipa,6M2wZ9GZgrQXHCFfjv46we,2016
Real Love Baby,Father John Misty,2kGBy2WHvF0VdZyqiVCkDT,2016
FIRE,BTS,3Nrfpe0tUJi4K4DXYWgMUX,2016
Say You Won't Let Go,James Arthur,4IWBUUAFIplrNtaOHcJPRM,2016
Bad Things,MGK,0jn47ZZH4HhX8JIGJUWSr0,2016
Unstoppable,Sia,5WUlDfRSoLAfcVSX1WnrxN,2016
"Technicolour Beat - Live At The Pool, London",Oh Wonder,5cIc3SBFuBLVxJz58W2tU9,2016
You're Welcome,Dwayne Johnson,1T8S48bD91THNKBByWBDyn,2016
Wake Up (A Fashion Film),DAWN,4pMR7nP5TU2AmaBiXpQPUW,2016
I Took A Pill In Ibiza - Seeb Remix,Mike Posner,2KsP6tYLJlTBvSUxnwlVWa,2016
Euthanasia - Live,Adam French,3bKSSHfw4sQ9YCjJe1V1c5,2016
Father Stretch My Hands Pt. 1,Kanye West,5K4W6rqBFWDnAN6FQUkS6x,2016
Wenn du mich suchst - Filtr Sessions,Jördis Tielsch,7EMBsP1yAGkfqjNYRJsvLE,2016
Not Allowed,TV Girl,0Y6dVaC9DZtPNH4591M42W,2016
Why Don't You Bring Me Flowers?,Roxette,2SHhfs4BiDxGQ3oxqf0UHY,2016
goosebumps,Travis Scott,0Y5tJX1MQlPlqiwlOH1tJY,2016
Egal (feat. Louis Held),LINA,3YPpKFZGAT0O8SJca2Aaj8,2016
Greenlight (feat. Flo Rida & LunchMoney Lewis),Pitbull,0TnOYISbd1XYRBk9myaseg,2016
Cold Little Heart - Live Session,Michael Kiwanuka,0bzfPKdbXL5ezYW2z3UGQj,2016
Redbone,Childish Gambino,73sIBHcqh3Z3NyqHKZ7FOL,2016
Babylon,DJ Zet,6BgfcZBGkrq9yIrYTrUneA,2016
Low Life (feat. The Weeknd),Future,1RyvyyTE3xzB2ZywiAwp0i,2016
這是最後一次,R-chord,5XkrVVn0lQIVPkH55nbTgZ,2016
Let Me Love You,DJ Snake,540vIaP2JwjQb9dm3aArA4,2016
Last Christmas (Pudding Remix) [Official Video],Wham!,5lpH0xAS4fVfLkACg9DAuM,2016
Are You With Me,Lost Frequencies,7f5Zgnp2spUuuzKplmRkt7,2016
Traditional: The Lost Songs Of St. Kilda: Hirta,Traditional,1U5zgr455OGyIkLNXvDdrf,2016
Never Be Like You,Flume,6nxWCVXbOlEVRexSbLsTer,2016
女孩妳知道嗎,R-chord,5XkrVVn0lQIVPkH55nbTgZ,2016
See You Again (feat. Kali Uchis),"Tyler, The Creator",4V8LLVI7PbaPR0K2TGSxFF,2017
I'm Better (feat. Lamb),Missy Elliott,2wIVse2owClT7go1WT98tk,2017
Brazil,Declan McKenna,2D4FOOOtWycb3Aw9nY5n3c,2017
Hate to Love (feat. Jamie T),Beatsteaks,79qRD2IfSr3pmuYUficMWX,2017
HUMBLE.,Kendrick Lamar,2YZyLoL8N0Wb9xBt1NhZWg,2017
Matador (feat. Tommy),CAPO,5y9wg9qkGBl0n9v9RzaPKu,2017
Something Just Like This,The Chainsmokers,69GGBxA162lTqCwzJG5jLp,2017
Pictures of You,Sonny Smith,5nr3ZvVzCvk4P5kPr5hJ0X,2017
Evergreen,Richy Mitch & The Coal Miners,4qU7IJSReZnsLy5907Mtau,2017
Downtown,Anitta,7FNnA9vBm6EKceENgCGRMb,2017
When It Rains It Pours,Luke Combs,718COspgdWOnwOFpJHRZHS,2017
Stronger Together,Paul van Dyk,7wU1naftD3lNq7rNsiDvOR,2017
Lush Life,Zara Larsson,1Xylc3o4UrD53lo9CvFvVg,2017
Inquilina - Ao Vivo,Aviões do Forró,4mnhyGRAuExTL4J0soT4za,2017
This Town,Niall Horan,1Hsdzj7Dlq2I7tHP7501T4,2017
一晃眼,衛蘭,1N7pgE45pK09PFLXnhpT65,2017
Unforgettable,French Montana,6vXTefBL93Dj5IqAWq6OTv,2017
Ohne dieses Gefühl - Live,LINA,3YPpKFZGAT0O8SJca2Aaj8,2017
Without You (feat. Sandro Cavazza),Avicii,1vCWHaC5f2uS3yhpwWbIA6,2017
SUURI,Laineen Kasperi,5tHevlNBO5VNLvW3FsjICK,2017
Clean White Noise - Loopable with no fade,White Noise Baby Sleep,4W12lEvVl5wectUtRNrvDh,2017
Crowd Control,Dimitri Vegas,2HkAI0YrEcgoR8QdaURqhO,2017
Perfect,Ed Sheeran,6eUKZXaKkcviH0Ku9w2n3V,2017
Into It - Live,Chase Atlantic,7cYEt1pqMgXJdq00hAwVpT,2017
PRIDE.,Kendrick Lamar,2YZyLoL8N0Wb9xBt1NhZWg,2017
Journey,Chezidek,5HePAITZSCxQ0H9PEKZ5DH,2017
Shape of You,Ed Sheeran,6eUKZXaKkcviH0Ku9w2n3V,2017
隣の彼はカッコよく見える,プラチナガールズ,02KUyBfvTknh4IpEJ86vKE,2017
Believer,Imagine Dragons,53XhwfbYqKCa1cC15pYq2q,2017
C'est pas ma faute (feat. Mr. Leo),Revolution,599jagD7OBej5DjDC24Ext,2017
Don’t Blame Me,Taylor Swift,06HL4z0CvFAxyc27GXpf02,2017
Horse to Water,Tall Heights,1OVaGC0CDZaxjcPxclSNmp,2017
Take My Hand,Picture This,7jLSEPYCYQ5ssWU3BICqrW,2017
Hundert Leben (Akustik Solo Version),Johannes Oerding,4I7D65YMlr6ZxVEGPb7q2K,2017
There's Nothing Holdin' Me Back,Shawn Mendes,7n2wHs1TKAczGzO7Dd2rGr,2017
Vale La Pena,Grupo Cañaveral De Humberto Pabón,48zixAu4wMDZwpVbOenDU7,2017
Bad At Love,Halsey,26VFTg2z8YR0cCuwLzESi2,2017
The Winner Takes It All - Acoustic,Carla Bruni,1HVwzNriKEjaeE06okqSpx,2017
Passionfruit,Drake,3TVXtAsR1Inumwj472S9r4,2017
Egal (Live),LINA,3YPpKFZGAT0O8SJca2Aaj8,2017
Glorious (feat. Skylar Grey),Macklemore,3JhNCzhSMTxs9WLGJJxWOY,2017
Killing Me,Black Rain,5d08mBdTsf060tPbRoxtAa,2017
Belter,Gerry Cinnamon,7cpCnhhBIU1gA7EhTFApN1,2017
Even Angels (feat. Blas Cantó),Carlos Marco,3rs2rSphgxWU3zQvYWj5Fl,2017
Dark Red,Steve Lacy,57vWImR43h4CaDao012Ofp,2017
Why - In Studio,Sabrina Carpenter,74KM79TiuVKeVCqs8QtB0B,2017
Sign of the Times,Harry Styles,6KImCVD70vtIoJWnq6nGn3,2017
Loca (feat. Cali y El Dandee),Maite Perroni,6ModsWtBph2rE6zCTVxvZt,2017
Thunder,Imagine Dragons,53XhwfbYqKCa1cC15pYq2q,2017
Round & Round - Top Of The Pops 1984,Spandau Ballet,2urZrEdsq72kx0UzfYN8Yv,2017
All The Stars (with SZA),Kendrick Lamar,2YZyLoL8N0Wb9xBt1NhZWg,2018
Enamorado,Alexander Stewart,4QGo29eCQCXwxCHLuQBf5W,2018
Cearta,KNEECAP,1ZVACPeq7ccGCoUXwtafUU,2018
"Holding Back the Years (Live at Ziggo Dome, Amsterdam)",Simply Red,1fa0cOhromAZdq2xRA4vv8,2018
Always Remember Us This Way,Lady Gaga,1HY2Jd0NmPuamShAr6KMms,2018
"Say You Love Me (Live at Ziggo Dome, Amsterdam)",Simply Red,1fa0cOhromAZdq2xRA4vv8,2018
Shallow,Lady Gaga,1HY2Jd0NmPuamShAr6KMms,2018
"So Beautiful (Live at Ziggo Dome, Amsterdam)",Simply Red,1fa0cOhromAZdq2xRA4vv8,2018
Sundress,A$AP Rocky,13ubrt8QOOCPljQ2FL1Kca,2018
"For Your Babies (Live at Ziggo Dome, Amsterdam)",Simply Red,1fa0cOhromAZdq2xRA4vv8,2018
Beautiful Crazy,Luke Combs,718COspgdWOnwOFpJHRZHS,2018
"A New Flame (Live at Ziggo Dome, Amsterdam)",Simply Red,1fa0cOhromAZdq2xRA4vv8,2018
lovely (with Khalid),Billie Eilish,6qqNVTkY8uBg9cP3Jd7DAH,2018
"Someday in My Life (Live at Ziggo Dome, Amsterdam)",Simply Red,1fa0cOhromAZdq2xRA4vv8,2018
Violent Crimes,Kanye West,5K4W6rqBFWDnAN6FQUkS6x,2018
In Betweenin',Austin Brown,4PpCSRGVWkRg5KNU2sTRBb,2018
Dancing On My Own,Calum Scott,6ydoSd3N2mwgwBHtF6K7eX,2018
Wenn jetzt Sommer wär (feat. Chapeau Claque),Pretty Pink,3Jx6Zw3nLANXeV38AhGaM5,2018
Shotgun,George Ezra,2ysnwxxNtSgbb9t1m2Ur4j,2018
Movement,Hozier,2FXC3k01G6Gw61bmprjgqS,2018
Lucid Dreams,Juice WRLD,4MCBfE4596Uoi2O4DtmEMz,2018
"Your Mirror (Live at Ziggo Dome, Amsterdam)",Simply Red,1fa0cOhromAZdq2xRA4vv8,2018
Babydoll,Dominic Fike,6USv9qhCn6zfxlBQIYJ9qs,2018
Слэмятся пацаны,Little Big,0pnd3MP2rxAzljR9AqXUJB,2018
Praise The Lord (Da Shine) (feat. Skepta),A$AP Rocky,13ubrt8QOOCPljQ2FL1Kca,2018
"FÉ - Ao Vivo, Brasil 2018",fhop music,0V208yTQ5OGOUBZuszu6Fn,2018
3 Nights,Dominic Fike,6USv9qhCn6zfxlBQIYJ9qs,2018
NFWMB - Acoustic / Live,Hozier,2FXC3k01G6Gw61bmprjgqS,2018
Softcore,The Neighbourhood,77SW9BnxLY8rJ0RciFqkHh,2018
It's You (feat. 王艷薇),R-chord,5XkrVVn0lQIVPkH55nbTgZ,2018
Eastside (with Halsey & Khalid),benny blanco,5CiGnKThu5ctn9pBxv7DGa,2018
Győzni Jöttünk,Begi Lotfi,5czhmVKVKn0bsJqnvx2Dgf,2018
I Like Me Better,Lauv,5JZ7CnR6gTvEMKX4g70Amv,2018
Full Automatic (feat. Diego),Sleiman,2HTE5rhkzmNb4IiGrop13q,2018
No Lie,Sean Paul,3Isy6kedDrgPYoTS1dazA9,2018
Did You Love Me,Shannon & the Clams,7t7pfYPYx0TwawLmbiNWlQ,2018
Blue Hair,TV Girl,0Y6dVaC9DZtPNH4591M42W,2018
Verdi: Il Trovatore - Tacea la notte placida,Giuseppe Verdi,1JOQXgYdQV2yfrhewqx96o,2018
Youngblood,5 Seconds of Summer,5Rl15oVamLq7FbSb0NNBNy,2018
"HEBREUS 1 / HERDEIRO DE TUDO - Ao Vivo, Brasil 2018",fhop music,0HpGyW7V9sMk9cPqrpSLcN,2018
All Girls Are The Same,Juice WRLD,4MCBfE4596Uoi2O4DtmEMz,2018
Next To Me,Imagine Dragons,53XhwfbYqKCa1cC15pYq2q,2018
Hold My Girl,George Ezra,2ysnwxxNtSgbb9t1m2Ur4j,2018
Medusa,Tommy,5h0HAhETmJ53akyGkUBaQR,2018
Falling Down - Bonus Track,Lil Peep,2kCcBybjl3SAtIcwdWpUe3,2018
Novos Horizontes / Alívio Imediato,Engenheiros Do Hawaii,0GNq4xh8uFCyihPurnunf7,2018
Ghost Town,Kanye West,5K4W6rqBFWDnAN6FQUkS6x,2018
"Go Your Own Way - Live at Studio Instrument Rentals, 1976",Fleetwood Mac,08GQAI4eElDnROBrJRGE0X,2018
Chasin' You,Morgan Wallen,4oUHIQIBe0LHzYfvXNW4QM,2018
Higher Love,Emilie Nicolas,4cXE1g28uYrIaUisUx5cJt,2018
Heading South,Zach Bryan,40ZNYROS4zLfyyBSs2PGe2,2019
"Greenwood, Philip Selway, Edward O'Brien, Colin Greenwood: Pyramid Song (Arr. Lawson)",Jonny Greenwood,0z9s3P5vCzKcUBSxgBDyLU,2019
H.O.O.D,KNEECAP,1ZVACPeq7ccGCoUXwtafUU,2019
All I've Ever Known,Grace Hodgett Young,77oK4rOZiJGnU2LN2ksnI9,2019
Cruel Summer,Taylor Swift,06HL4z0CvFAxyc27GXpf02,2019
Skrrt,K27,5nRkPBCDIqxGB82fj0Pj7V,2019
Get Your Brits Out,KNEECAP,1ZVACPeq7ccGCoUXwtafUU,2019
Stretch,Louise,3a4CSjBr9WqhM6n4iqVSC6,2019
Someone You Loved,Lewis Capaldi,4GNC7GD6oZMSxPGyXy4MNB,2019
Die Heelal (feat. Early B),Janie Bay,0VSXm0RbmbovOLT6ADgovM,2019
when the party's over,Billie Eilish,6qqNVTkY8uBg9cP3Jd7DAH,2019
Sirenen,Tommy,5h0HAhETmJ53akyGkUBaQR,2019
Ransom,Lil Tecca,4Ga1P7PMIsmqEZqhYZQgDo,2019
Do It Like You Mean It (feat. Yoel 905),Frans,1y5T3Prq30eW5RkpaUWNOQ,2019
Lover,Taylor Swift,06HL4z0CvFAxyc27GXpf02,2019
Pakete,Tommy,5h0HAhETmJ53akyGkUBaQR,2019
Almost (Sweet Music),Hozier,2FXC3k01G6Gw61bmprjgqS,2019
REASON,SYU(from GALNERYUS),2cgJdROSU7cP3qi8mmNyw5,2019
Circles,Post Malone,246dkjvS1zLTtiykXe5h60,2019
Mad,Lil Yase,4PKqKT6sKrfYxgj0hTvkyf,2019
Hypersonic Missiles,Sam Fender,6zlR5ttMfMNmwf2lecU9Cc,2019
I Was In Heaven - Acoustic,Chelsea Cutler,5JMLG56F1X5mFmWNmS0iAp,2019
Cinnamon Girl,Lana Del Rey,00FQb4jTyendYWaN8pK0wa,2019
Disciplin (feat. Keya),Elias Abbas,4QvI3PrYRXq9A2UbeQAKH6,2019
Before You Go,Lewis Capaldi,4GNC7GD6oZMSxPGyXy4MNB,2019
Fuck it I love you / The greatest,Lana Del Rey,00FQb4jTyendYWaN8pK0wa,2019
Would That I,Hozier,2FXC3k01G6Gw61bmprjgqS,2019
Sky Blue Skin,Jeff Buckley,3nnQpaTvKb5jCQabZefACI,2019
Bruises,Lewis Capaldi,4GNC7GD6oZMSxPGyXy4MNB,2019
"Once Once - En Vivo En Plaza De Toros De Cartagena / Mayo 4, 2019",DJ Dever,2KDK6LDA8DKphV0wwHb40D,2019
HIGHEST IN THE ROOM,Travis Scott,0Y5tJX1MQlPlqiwlOH1tJY,2019
Last Christmas (Official 4K Video) [Teaser 1],Wham!,5lpH0xAS4fVfLkACg9DAuM,2019
Bags,Clairo,3l0CmX0FuQjFxr8SK7Vqag,2019
Lana Film,Lana Del Rey,00FQb4jTyendYWaN8pK0wa,2019
everything i wanted,Billie Eilish,6qqNVTkY8uBg9cP3Jd7DAH,2019
Lead Me On,Louise,3a4CSjBr9WqhM6n4iqVSC6,2019
ARE WE STILL FRIENDS?,"Tyler, The Creator",4V8LLVI7PbaPR0K2TGSxFF,2019
Única - Ao Vivo,Amigos,7t9vZg9sglZGukAMixJf5t,2019
Don't Give Up On Me,Andy Grammer,2oX42qP5ineK3hrhBECLmj,2019
Uwi,Alvaro Diaz,5J7rXWjtn5HzUkJ4Jet8Fr,2019
Be Alright,Dean Lewis,3QSQFmccmX81fWCUSPTS7y,2019
Guess Who,Chi City,2ipMJ7CDYbsqysSF15uVpF,2019
False Confidence,Noah Kahan,2RQXRUsr4IW1f3mKyKsy4B,2019
Last Christmas (Official 4K Video) [Teaser 2],Wham!,5lpH0xAS4fVfLkACg9DAuM,2019
EARFQUAKE,"Tyler, The Creator",4V8LLVI7PbaPR0K2TGSxFF,2019
Du bist schön - Live,Alligatoah,0r0R5nIjDY04TfxRM10Bcb,2019
Watermelon Sugar,Harry Styles,6KImCVD70vtIoJWnq6nGn3,2019
Streetlife,Hanybal,2HdP7fpDiLWAvElYGg75gd,2019
What A Time (feat. Niall Horan),Julia Michaels,0ZED1XzwlLHW4ZaG4lOT6m,2019
En el Seno del Amor (Acústco en Vivo),Dread Mar I,1aw0Cdl1DIrtUrUA6fGbAR,2019
Clean Baby Sleep White Noise (Loopable),Dream Supplier,6Cqtx9fpxzggIMuKn0RGCp,2020
All We Got (feat. KIDDO),Robin Schulz,3t5xRXzsuZmMDkQzgOX35S,2020
"I miss you, I’m sorry",Gracie Abrams,4tuJ0bMpJh08umKkEXKUI5,2020
Medicine Hat,Blackie and the Rodeo Kings,2McRDcv6H9e9xz5G5mOnUa,2020
Revival,Zach Bryan,40ZNYROS4zLfyyBSs2PGe2,2020
123 (feat. Yasin),Cherrie,59E9dYtwLTUAGuAppwFKAW,2020
You Should Probably Leave,Chris Stapleton,4YLtscXsxbVgi031ovDDdh,2020
Kort Donner - Live,Karen Zoid,1x6N4tQft8TwRuhOfRUgWC,2020
Blinding Lights,The Weeknd,1Xyo4u8uXC1ZmMpatF05PJ,2020
Meisie Wat Haar Potlood Kou - Live at Mothership Studios,Karen Zoid,1x6N4tQft8TwRuhOfRUgWC,2020
Maine,Noah Kahan,2RQXRUsr4IW1f3mKyKsy4B,2020
Ek Verlang Na Jou - Live at Mothership Studios,Karen Zoid,1x6N4tQft8TwRuhOfRUgWC,2020
august,Taylor Swift,06HL4z0CvFAxyc27GXpf02,2020
Selfmade Babylon,Bausa,13bDjug9N0pyv3ZUINjkDV,2020
cardigan,Taylor Swift,06HL4z0CvFAxyc27GXpf02,2020
Ballade Vir 'n Enkeling - Live At Mothership Studios,Karen Zoid,1x6N4tQft8TwRuhOfRUgWC,2020
Heat Waves,Glass Animals,4yvcSjfu4PC0CYQyLy4wSq,2020
Anders,Tommy,5h0HAhETmJ53akyGkUBaQR,2020
The Cut That Always Bleeds,Conan Gray,4Uc8Dsxct0oMqx0P6i60ea,2020
Bruder,Nico K.I.Z,49U1wR2eateFtB7cxd4ncm,2020
my tears ricochet,Taylor Swift,06HL4z0CvFAxyc27GXpf02,2020
Indigo Girl - Live at Mothership Studios,Karen Zoid,1x6N4tQft8TwRuhOfRUgWC,2020
July,Noah Cyrus,55fhWPvDiMpLnE4ZzNXZyW,2020
Delli (feat. Adel),Ricky Rich,1gm1katIowFM22Ldqcw6DK,2020
that way,Tate McRae,45dkTj5sMRSjrmBSBeiHym,2020
David Carreira - Haverá Sempre uma Música / Baby Fica - Live at Altice Arena,David Carreira,6tIIe4TjUAUBgebA9j53ch,2020
Borderline,Tame Impala,5INjqkS1o8h1imAzPqGZBb,2020
Lobo Hombre En París,Fran,0VeDmQvivAadp6TiI4vrda,2020
Godzilla (feat. Juice WRLD),Eminem,7dGJo4pcD2V6oG8kP0tJRR,2020
Today - Live at Mothership Studios,Karen Zoid,1x6N4tQft8TwRuhOfRUgWC,2020
anything,Adrianne Lenker,4aKWmkWAKviFlyvHYPTNQY,2020
"No Woman, No Cry - 1975 Audio Version",Bob Marley,6BH2lormtpjy3X9DyrGHVj,2020
Don't Start Now,Dua Lipa,6M2wZ9GZgrQXHCFfjv46we,2020
Wind,Tommy,5h0HAhETmJ53akyGkUBaQR,2020
Canter,Gerry Cinnamon,7cpCnhhBIU1gA7EhTFApN1,2020
My Blood,DANNY AVILA,1Xv1qZHJ1hnRlWHRTZ3uci,2020
The Thrill,Wiz Khalifa,137W8MRPWKqSmrBGDBFSop,2020
Tarde Demais,Nuno Ribeiro,14q08vxBLlQPCHdmAN5j2N,2020
Save Your Tears,The Weeknd,1Xyo4u8uXC1ZmMpatF05PJ,2020
A&B,Jhené Aiko,5ZS223C6JyBfXasXxrRqOk,2020
Shut up My Moms Calling,Hotel Ugly,35WVTyRnKAoaGExqgktVyb,2020
Delli (feat. Adel) - Crib Session,Ricky Rich,1gm1katIowFM22Ldqcw6DK,2020
forwards beckon rebound,Adrianne Lenker,4aKWmkWAKviFlyvHYPTNQY,2020
Babe ich weiß,SAMIRA,6nZda35mVu8s1uIhJSaAKM,2020
Sweet but Psycho,Ava Max,4npEfmQ6YuiwW1GpUmaq3F,2020
Kalt wie Eis (feat. Tommy),Ciro,34UVu13oDPEzL7aXQMOqcO,2020
exile (feat. Bon Iver),Taylor Swift,06HL4z0CvFAxyc27GXpf02,2020
Paco Montalvo - Leyenda (Official Music Video),Paco Montalvo,5IinwbNi6wZ44tgwtaObhv,2020
"not a lot, just forever",Adrianne Lenker,4aKWmkWAKviFlyvHYPTNQY,2020
Hello - Moto/Spory,Kukon,3U5Oag04Yl2WnvPULOlsMD,2020
Guilty Conscience,KNEECAP,1ZVACPeq7ccGCoUXwtafUU,2021
FAKE - BRITs 2022 Rising Star Live Session,Lola Young,67FB4n52MgexGQIG8s0yUH,2021
you broke me first,Tate McRae,45dkTj5sMRSjrmBSBeiHym,2021
อยู่คนเดียว (Loner),WANYAi,7JGpNnXUEolFmY4yIBSWD7,2021
Still Sleepless,D.O.D,0Cs47vvRsPgEfliBU9KDiB,2021
Un'estate normale,Nek,2Hd7Yrh32At3YRqhoW2RXe,2021
traitor,Olivia Rodrigo,1McMsnEElThX1knmY4oliG,2021
Sharpener’s Calling Me Again (feat. Kina),Cavetown,2hR4h1Cao2ueuI7Cx9c7V8,2021
Mess It Up,Gracie Abrams,4tuJ0bMpJh08umKkEXKUI5,2021
Riches Wii a Pree,Teejay,0TBQhPUEj1c5PlmTu3Hq5q,2021
drivers license,Olivia Rodrigo,1McMsnEElThX1knmY4oliG,2021
Tú no me conoces,Danny Ocean,5H1nN1SzW0qNeUEZvuXjAj,2021
Seventeen Going Under,Sam Fender,6zlR5ttMfMNmwf2lecU9Cc,2021
Happier Than Ever - Live From Disney’s Happier Than Ever/A Love Letter to Los Angeles,Billie Eilish,6qqNVTkY8uBg9cP3Jd7DAH,2021
Easy On Me,Adele,4dpARuHxo51G3z768sgnrY,2021
Tussi Code Mari,Marcianeke,5XQWXnMwsvuvCPMneXUbsy,2021
good 4 u,Olivia Rodrigo,1McMsnEElThX1knmY4oliG,2021
J'fly,Greg Yeya,4UBQmcjAzvho2wG4OfIucn,2021
raining for hours,ame,7htQnykNfk2Bu39bSw7owz,2021
Shivers,Ed Sheeran,6eUKZXaKkcviH0Ku9w2n3V,2021
Alors alors - Version acoustique,Lou,6iHKWDaniE1NyU3xZ7FeGg,2021
The Color Violet,Tory Lanez,2jku7tDXc6XoB6MO2hFuqg,2021
Hayu Gaskeun Ah,Putih Abu-Abu,3yRNoZZuzU5TC7uwOxd7cL,2021
favorite crime,Olivia Rodrigo,1McMsnEElThX1knmY4oliG,2021
deja vu,Olivia Rodrigo,1McMsnEElThX1knmY4oliG,2021
Ciao,Rouss,3Xa0w2RUuQw38J199xgj2A,2021
Give It To Me - Full Vocal Mix,Matt Sassari,21dVknSLCsK37cWozWDZZS,2021
Aina ikävä jonnekin (feat. Aki Tykki),Danny,5jLdTpcCZRQIWiSbfKf2cz,2021
Every Night White Noise,The Noisy Outdoors,6ipASreqbHk6a7aR2xo9BW,2021
Ferrari (feat. Luciano),Capo Plaza,5SulO4l40qDuV9zUGLZx7n,2021
Happier Than Ever,Billie Eilish,6qqNVTkY8uBg9cP3Jd7DAH,2021
"Bach, JS: Violin Sonata No. 3 in C Major, BWV 1005: III. Largo",Johann Sebastian Bach,5aIqB5nVVvmFsvSdExz408,2021
Make Me Feel Good,Belters Only,1H1sDUWSlytzifZTDpKgUA,2021
Solo - Acoustic,Matteo Bocelli,3SzmIPVTtVc0AzbR8kwk0w,2021
Rumore Bianco,Relaxed Minds,0AuDQR88HtZsQXLnbq007R,2021
One Day - Live,MONSTA X,4TnGh5PKbSjpYqpIdlW5nz,2021
family ties (with Kendrick Lamar),Baby Keem,5SXuuuRpukkTvsLuUknva1,2021
Subiendolo,Jay Oc,4xfAJoeFObf1ny2nj3sgMS,2021
You Belong With Me (Taylor’s Version),Taylor Swift,06HL4z0CvFAxyc27GXpf02,2021
"Bach, JS: Violin Partita No. 3 in E Major, BWV 1006: I. Preludio",Johann Sebastian Bach,5aIqB5nVVvmFsvSdExz408,2021
Feels Like,Gracie Abrams,4tuJ0bMpJh08umKkEXKUI5,2021
Redeemer,Karima,6e4PwrSrYPtaxeVxZuOZbi,2021
Chemtrails Over The Country Club,Lana Del Rey,00FQb4jTyendYWaN8pK0wa,2021
กลับไปก่อนได้ไหม (feat. URBOYTJ),Num KALA,1kUVa9zNj2ohZptBv4uK8c,2021
All Too Well (10 Minute Version) (Taylor's Version) (From The Vault),Taylor Swift,06HL4z0CvFAxyc27GXpf02,2021
J'suis mal,Alexy Large,7yviGBKRYiXscGmyyQhwG1,2021
"jealousy, jealousy",Olivia Rodrigo,1McMsnEElThX1knmY4oliG,2021
Fica Pra Dormir - Ao Vivo,Zé Neto & Cristiano,487N2T9nIPEHrlTZLL3SQs,2021
Stick Season,Noah Kahan,2RQXRUsr4IW1f3mKyKsy4B,2022
Don't Play by the Rules,D.T.E,72HNCRVjK93J4ZnCY8rb1q,2022
Something in the Orange,Zach Bryan,40ZNYROS4zLfyyBSs2PGe2,2022
"Rachmaninov: Rhapsody on a Theme of Paganini, Op. 43: Variation 18 (Andante cantabile)",Sergei Rachmaninoff,0Kekt6CKSo0m5mivKcoH51,2022
Deep Phase Noise 1,Milli Hughes,5qq6C4dNld3AWHbh2WaNAR,2022
"J.S. Bach: Violin Partita No. 2 in D Minor, BWV 1004 - I. Allemanda",Johann Sebastian Bach,5aIqB5nVVvmFsvSdExz408,2022
End of Beginning,Djo,5p9HO3XC5P3BLxJs5Mtrhm,2022
Elixir,Tommy Saint,0bQjsCM8HJUB1bOpl8WSgV,2022
Sun to Me,Zach Bryan,40ZNYROS4zLfyyBSs2PGe2,2022
Playa (feat. Ella Bands),A Boogie Wit da Hoodie,31W5EY0aAly4Qieq6OFu6I,2022
"Burn, Burn, Burn",Zach Bryan,40ZNYROS4zLfyyBSs2PGe2,2022
Bank of Wildflowers (feat. Georgia),William Orbit,2AHGrNDMKFi8rHqQ8kJqfl,2022
All My Love,Noah Kahan,2RQXRUsr4IW1f3mKyKsy4B,2022
Vivien,††† (Crosses),3vHmFWgPOWOVtlHSnaxLJf,2022
Nonsense,Sabrina Carpenter,74KM79TiuVKeVCqs8QtB0B,2022
Até Que é Bom,LUA,6Kn5qpqJoHEY2D8uvgUQut,2022
Oklahoma Smokeshow,Zach Bryan,40ZNYROS4zLfyyBSs2PGe2,2022
Она любила музыку,Dima Bilan,19rplJ3Uh67C1fNAwq7ohw,2022
Nobody Gets Me,SZA,7tYKF4w9nC0nq9CsPZTHyP,2022
My Phone,Tommy Saint,0bQjsCM8HJUB1bOpl8WSgV,2022
Northern Attitude,Noah Kahan,2RQXRUsr4IW1f3mKyKsy4B,2022
Full Round Table,CQ Wrestling,4pUT9OPOWyNU0jMEob4tqU,2022
flowers-fire,Kingfishr,6c2qQFq3xfxFJndX6wSe4f,2022
TV - Live From Singapore’s Cloud Forest,Billie Eilish,6qqNVTkY8uBg9cP3Jd7DAH,2022
she's all i wanna be,Tate McRae,45dkTj5sMRSjrmBSBeiHym,2022
Made Rich,YoungBoy Never Broke Again,7wlFDEWiM5OoIAt8RSli8b,2022
Motorcycle Drive By,Zach Bryan,40ZNYROS4zLfyyBSs2PGe2,2022
เพิ่งรู้(Never Knew),Earth Pirapat,5WNYZY9iRoV2jtET26n9lf,2022
As It Was,Harry Styles,6KImCVD70vtIoJWnq6nGn3,2022
La Carta Que Nunca Te Escribí - Remix,Lu Decker,74LXFsgo40nbOJaO74QTAm,2022
eyes don’t lie,Kingfishr,6c2qQFq3xfxFJndX6wSe4f,2022
The Side,Rod D,74vb8gsoOmgeUrsvYBX4Hx,2022
World Hold On - FISHER Rework,Bob Sinclar,5YFS41yoX0YuFY39fq21oN,2022
"2001 // Life Is Yours - The Colour Wheel Session , London 2022",Foals,6FQqZYVfTNQ1pCqfkwVFEa,2022
ceilings,Lizzy McAlpine,1GmsPCcpKgF9OhlNXjOsbS,2022
Everlasting Love,Folder,2hyscgwWGeLUoYKEpbGtP1,2022
I'm Good (Blue),David Guetta,1Cs0zKBU1kc0i8ypK3B9ai,2022
ขอบคุณที่เลิกกัน,KLEAR,2TE6bCnjUh8fe7U7g8ajcs,2022
I Love You,Fontaines D.C.,3SXwqSqAoBz9WCI9PDQzY6,2022
Love Of Mine,Imagine Dragons,53XhwfbYqKCa1cC15pYq2q,2022
Afraid To Feel,LF SYSTEM,0HxX6imltnNXJyQhu4nsiO,2022
0.4 (feat. Kanoé),La Peee,47BEXrGacbFC66aygrjSxJ,2022
because i liked a boy,Sabrina Carpenter,74KM79TiuVKeVCqs8QtB0B,2022
Waltz | Hoa (Original Soundtrack),Johannes Johansson,7u7VohKLwXLckuyYejvmff,2022
TV,Billie Eilish,6qqNVTkY8uBg9cP3Jd7DAH,2022
Still countin / Poppin,Yeat,3qiHUAX7zY4Qnjx8TNUzVx,2022
Orange Juice,Noah Kahan,2RQXRUsr4IW1f3mKyKsy4B,2022
Fieber / Glatteis,Nina Chuba,2kS9NyuATpYwjeB93h24H5,2022
the perfect pair,beabadoobee,35l9BRT7MXmM8bv2WDQiyB,2022
XI COMANDAMENTO - VASCO LIVE XXII,Vasco Rossi,5l4nhyz8876RhgE2d18h65,2022
I Remember Everything (feat. Kacey Musgraves),Zach Bryan,40ZNYROS4zLfyyBSs2PGe2,2023
Rodeo (Remix),Lah Pat,6dhd3wcal02KeLBk5wScfd,2023
Pink Pony Club,Chappell Roan,7GlBOeep6PqTfFi59PTUUN,2023
Party Jumpin’,Jamie Brown,1itVP3ysVe9MMrYCeOKMsO,2023
Pink Pony Club,Chappell Roan,7GlBOeep6PqTfFi59PTUUN,2023
Animals in the Ocean,Blippi,30niqFGUKKUg1horQSgwBn,2023
Lose Control,Teddy Swims,33qOK5uJ8AR2xuQQAhHump,2023
僕は頑張るよっ feat. ano,Shinsei Kamattechan,1ZnuqrjIR4q8zhgriUYsSo,2023
The Door,Teddy Swims,33qOK5uJ8AR2xuQQAhHump,2023
Gyal Dem Time (feat. Teejay),Shaggy,5EvFsr3kj42KNv97ZEnqij,2023
You’re Gonna Go Far,Noah Kahan,2RQXRUsr4IW1f3mKyKsy4B,2023
Double R's,Slim,31kuTHJ0NEF3i9UTnxuYSl,2023
HOT TO GO!,Chappell Roan,7GlBOeep6PqTfFi59PTUUN,2023
Let's Talk Money (feat. Headie One),Slim,31kuTHJ0NEF3i9UTnxuYSl,2023
Prada,cassö,5wCmhq5J2hPwL2r0eKurxn,2023
Standard,Einar,2A0z6Qg6u9zBYIJW3Cr64J,2023
Nine Ball,Zach Bryan,40ZNYROS4zLfyyBSs2PGe2,2023
BM | DJ TAO Turreo Sessions #17,DJ Tao,5CA5IqbsFr4hpNLdjgO0BU,2023
Red Wine Supernova,Chappell Roan,7GlBOeep6PqTfFi59PTUUN,2023
Put Your Name On Me,Travis Greene,22JNV0JWTJkY1qzKJhxdRe,2023
HOT TO GO!,Chappell Roan,7GlBOeep6PqTfFi59PTUUN,2023
Dużo Ciebie Mi,Lemon,3GqZI2mcDNtrVB8pRP61Tu,2023
Casual,Chappell Roan,7GlBOeep6PqTfFi59PTUUN,2023
Pasatiempo,La China,0MONbt46lfQCO66bPIj5hi,2023
NIGHTS LIKE THIS,The Kid LAROI,2tIP7SsRs7vjIcLrU85W8J,2023
Basta Ya,El Mimoso Luis Antonio López,1WAQn5rQnzDzGM5zEu9UvT,2023
Mary's Pub,Amble,5ZC7GPz5h9zkEfjZBUDNzI,2023
Desaniversario,La China,0MONbt46lfQCO66bPIj5hi,2023
Shot In The Dark,Kingfishr,6c2qQFq3xfxFJndX6wSe4f,2023
Ay Ay Ay,La China,0MONbt46lfQCO66bPIj5hi,2023
Stumblin' In,CYRIL,11kt6ggsdxvI8MhyeSMKom,2023
Ana Wingii,Wingii,3i5MnWpawRCC9SYhLIHP7W,2023
greedy,Tate McRae,45dkTj5sMRSjrmBSBeiHym,2023
Sidi,Wingii,3i5MnWpawRCC9SYhLIHP7W,2023
"What Was I Made For? [From The Motion Picture ""Barbie""]",Billie Eilish,6qqNVTkY8uBg9cP3Jd7DAH,2023
Track Record 2.0 (feat. Tony Fresh),Travis Greene,22JNV0JWTJkY1qzKJhxdRe,2023
Caroline,Kingfishr,6c2qQFq3xfxFJndX6wSe4f,2023
Ela é um Hit,Tritom,7A5lTNequ9HtuW8TQH1KMg,2023
Feather,Sabrina Carpenter,74KM79TiuVKeVCqs8QtB0B,2023
Sinner - Live Performance,The Last Dinner Party,5SHgclK1ZpTdfdAmXW7J6s,2023
Flowers,Miley Cyrus,5YGY8feqx7naU7z4HrwZM6,2023
Expect Impossible (feat. Tony Fresh),Travis Greene,22JNV0JWTJkY1qzKJhxdRe,2023
vampire,Olivia Rodrigo,1McMsnEElThX1knmY4oliG,2023
I'm always waiting for you,LEMONY,3w3wnGjv8BXdXbOQShYGec,2023
Call Your Mom,Noah Kahan,2RQXRUsr4IW1f3mKyKsy4B,2023
หากันจนเจอ (ซนซน 40 ปี GMM GRAMMY),พลพล,6YzSmyo0PdJvAJ3WvyPCkb,2023
Asking,Sonny Fodera,39B7ChWwrWDs7zXlsu3MoP,2023
Dingue de toi (Turn me on) [feat. Dana],Alexy Large,4FlyOnqbpEbCR34xmBEIu2,2023
Sarah's Place (feat. Noah Kahan),Zach Bryan,40ZNYROS4zLfyyBSs2PGe2,2023
89 8+9+989 (feat. 草爺),馬念先,1SpB1xFnn94QMqVmcmzS7A,2023
That’s So True,Gracie Abrams,4tuJ0bMpJh08umKkEXKUI5,2024
That’s So True - Live From Radio City Music Hall,Gracie Abrams,4tuJ0bMpJh08umKkEXKUI5,2024
Sailor Song,Gigi Perez,1iCnM8foFssWlPRLfAbIwo,2024
Hurt,OneRepublic,5Pwc4xIPtQLFEnJriah9YJ,2024
BIRDS OF A FEATHER,Billie Eilish,6qqNVTkY8uBg9cP3Jd7DAH,2024
Passenger Princess,Aminé,3Gm5F95VdRxW3mqCn8RPBJ,2024
"Good Luck, Babe!",Chappell Roan,7GlBOeep6PqTfFi59PTUUN,2024
Risk - Live From The Tonight Show With Jimmy Fallon,Gracie Abrams,4tuJ0bMpJh08umKkEXKUI5,2024
Not Like Us,Kendrick Lamar,2YZyLoL8N0Wb9xBt1NhZWg,2024
Circles,SAINt JHN,0H39MdGGX6dbnnQPt6NQkZ,2024
Die With A Smile,Lady Gaga,1HY2Jd0NmPuamShAr6KMms,2024
Tuck Your Chain,Money Man,3Rx4PJ7SP6unkOk5elPUK7,2024
Messy,Lola Young,67FB4n52MgexGQIG8s0yUH,2024
Little Window - Live Studio Session,FINNEAS,37M5pPGs6V1fchFJSgCguX,2024
Taste,Sabrina Carpenter,74KM79TiuVKeVCqs8QtB0B,2024
I Ain't Sayin' - Performance,Jordan Davis,77kULmXAQ6vWer7IIHdGzI,2024
"I Love You, I'm Sorry",Gracie Abrams,4tuJ0bMpJh08umKkEXKUI5,2024
Last Night In Kingston,Konan,3YovKOlvuikZAiRIz5fTfR,2024
Pink Skies,Zach Bryan,40ZNYROS4zLfyyBSs2PGe2,2024
Aimer à moitié,Calema,6PIIKavZx20FlVKyIvb4Um,2024
The Days - NOTION Remix,Chrystal,5bQ3wFgekuIMIcWJuxkqLK,2024
DUMBAI,CA7RIEL & Paco Amoroso,6I8TDGeUmmLom8auKPzMdX,2024
DENIAL IS A RIVER,Doechii,4E2rKHVDssGJm2SCDOMMJB,2024
"Bheegi Bheegi - From ""Gangster""",Pritam,1wRPtKGflJrBx9BmLsSwlU,2024
tv off (feat. lefty gunplay),Kendrick Lamar,2YZyLoL8N0Wb9xBt1NhZWg,2024
Horror Story,Tay Savage,3bEvCfguncHB5a063kJr71,2024
APT.,ROSÉ,3eVa5w3URK5duf6eyVDbu9,2024
Postcards - Acoustic Version,Mackenzy Mackay,28WNtilgFPn1mdz3h0FjHl,2024
Somedays,Sonny Fodera,39B7ChWwrWDs7zXlsu3MoP,2024
Oublier,Rsko,3L774tiJRvPmAS90pOLB44,2024
Messy,Lola Young,67FB4n52MgexGQIG8s0yUH,2024
Rid Of Me - Live,Still Woozy,4iMO20EPodreIaEl8qW66y,2024
WILDFLOWER,Billie Eilish,6qqNVTkY8uBg9cP3Jd7DAH,2024
EA2 (The Beginning of the Era),Lil Uzi Vert,4O15NlyKLIASxsJ0PrXPfz,2024
Too Sweet,Hozier,2FXC3k01G6Gw61bmprjgqS,2024
Lindo Momento,Julliany Souza,0d71FlLkqZzdpEQifcngQq,2024
Bed Chem,Sabrina Carpenter,74KM79TiuVKeVCqs8QtB0B,2024
Family Feud - Live at The Ford,FINNEAS,37M5pPGs6V1fchFJSgCguX,2024
Bug,Fontaines D.C.,3SXwqSqAoBz9WCI9PDQzY6,2024
Dead Flowers,Boldy James,4fpwOzxFRMVGfd197dKIdY,2024
Beautiful Things,Benson Boone,22wbnEMDvgVIAGdFeek6ET,2024
Seu Astral / Mistérios,Fiorella,6cX9Qyl1Ug5lli2y2yBm52,2024
Stargazing,Myles Smith,3bO19AOone0ubCsfDXDtYt,2024
BABY GANGSTA,CA7RIEL & Paco Amoroso,6I8TDGeUmmLom8auKPzMdX,2024
APT.,ROSÉ,3eVa5w3URK5duf6eyVDbu9,2024
ILMSY (MOVES),Rotimi,1xBARhKI09ZTmeePVDWMCf,2024
Carry You Home,Alex Warren,0fTSzq9jAh4c36UVb4V7CB,2024
Ghosts / Slowing Down,Scarlet House,7jWdMH4K9omZ4z2UkGkz6N,2024
Kisses (feat. bbyclose),BL3SS,6kbR2eL4hecj3rFwGOsYsI,2024
Uzi The Earthling! (TV Show Theme),Lil Uzi Vert,4O15NlyKLIASxsJ0PrXPfz,2024
Ordinary,Alex Warren,0fTSzq9jAh4c36UVb4V7CB,2025
Messy - Live at the 2025 BRIT Awards,Lola Young,67FB4n52MgexGQIG8s0yUH,2025
Busy Woman,Sabrina Carpenter,74KM79TiuVKeVCqs8QtB0B,2025
Nothing Matters - Live at the 2025 BRIT Awards,The Last Dinner Party,5SHgclK1ZpTdfdAmXW7J6s,2025
Abracadabra,Lady Gaga,1HY2Jd0NmPuamShAr6KMms,2025
Satanized,Ghost,1Qp56T7n950O3EGMsSl81D,2025
Sports car,Tate McRae,45dkTj5sMRSjrmBSBeiHym,2025
CYANIDE (Live Performance),SIENNA SPIRO,02gSuSAWEdWa5UOvqzjX6v,2025
15 Minutes,Sabrina Carpenter,74KM79TiuVKeVCqs8QtB0B,2025
Dream Of My Own - Live From Manchester,Calum Bowie,0BjKESiuU8dT323VIL8SqG,2025
Revolving door,Tate McRae,45dkTj5sMRSjrmBSBeiHym,2025
Hold On - Live From The Ryman,Luke Grimes,7Cezk2wEDBPfYCwEuKum1Y,2025
Bad Dreams,Teddy Swims,33qOK5uJ8AR2xuQQAhHump,2025
"Nadaaniyan - Title Track [From ""Nadaaniyan""]",Sachin-Jigar,1mBydYMVBECdDmMfE2sEUO,2025
DtMF,Bad Bunny,4q3ewBCX7sLwd24euuV69X,2025
"The Sound And The Fury - Live On The Ed Sullivan Show, March 1, 1959",The Platters,6KWcxMWVNVIYbdOQyJtsSy,2025
Siren sounds (bonus),Tate McRae,45dkTj5sMRSjrmBSBeiHym,2025
"Schubert: Erlkönig, Op. 1, D. 328 (Orch. Bersanetti)",Franz Schubert,2p0UyoPfYfI76PCStuXfOP,2025
CRG (feat. Dave),Central Cee,5H4yInM5zmHqpKIoMNAx4r,2025
Kabin Party & Belter,Kabin Crew,6BHou7i94KE1FpHgDVWZEK,2025
Revolving door,Tate McRae,45dkTj5sMRSjrmBSBeiHym,2025
PSILOCYBIN & DAISIES - Live,Jessie Reyez,3KedxarmBCyFBevnqQHy3P,2025
It's Amazing To Be Young,Fontaines D.C.,3SXwqSqAoBz9WCI9PDQzY6,2025
"""BODY BAG""(Official Music Video)",DUSTY LOCANE,22hWz22JAmIhIEp0u1X01L,2025
NOKIA,Drake,3TVXtAsR1Inumwj472S9r4,2025
"Oh, Singer - Live On The Ed Sullivan Show, March 7, 1971",Jeannie C. Riley,3MIwMeYV8vmgQFbbRiJTp2,2025
Purple lace bra,Tate McRae,45dkTj5sMRSjrmBSBeiHym,2025
Willow - Live,Tamino,3IWdvItNhmdo282Wwp0CwH,2025
Miss possessive,Tate McRae,45dkTj5sMRSjrmBSBeiHym,2025
Pop n Olive,Samara Cyn,4nqQTosM2Mbg7iRjvJU0N0,2025
Dear god,Tate McRae,45dkTj5sMRSjrmBSBeiHym,2025
Gaslighter - Live,Moira Dela Torre,0rZRTXEmmPmx6gt92tBqIc,2025
Sports car,Tate McRae,45dkTj5sMRSjrmBSBeiHym,2025
Ghosts - Live,Moira Dela Torre,0rZRTXEmmPmx6gt92tBqIc,2025
bloodonmyhands (feat. Flo Milli),Tate McRae,45dkTj5sMRSjrmBSBeiHym,2025
Ancient Light,I'm With Her,3oXddLOOjkoUuC2sX1RMdr,2025
I know love (feat. The Kid LAROI),Tate McRae,45dkTj5sMRSjrmBSBeiHym,2025
"Maya, Maya, Maya - Live From Middle Farm Studios / 2023",Maya Delilah,6TWEX2qTj9b0bBsXSVCMKM,2025
Sports car,Tate McRae,45dkTj5sMRSjrmBSBeiHym,2025
Spring Sings - Live,Ellie Holcomb,5hNiAUVPCTgcpy8vljCxzs,2025
Signs,Tate McRae,45dkTj5sMRSjrmBSBeiHym,2025
"Tiptoe Through The Tulips - Live On The Ed Sullivan Show, July 26, 1964",Helen Shapiro,05kB8yh0Bbxj73qH63Ob3C,2025
Like I do,Tate McRae,45dkTj5sMRSjrmBSBeiHym,2025
reprogram,Kilo Kish,7lsnwlX6puQ7lcpSEpJbZE,2025
It's ok I'm ok,Tate McRae,45dkTj5sMRSjrmBSBeiHym,2025
Are U Still - Live,Leven Kali,5YZ5AExR68U3ZblH6HcO6B,2025
Greenlight,Tate McRae,45dkTj5sMRSjrmBSBeiHym,2025
Scratch My Brain (Interlude) (Visualizer),Elohim,6wKxOKEA3K6R2UZ3COLXEY,2025
Means I care,Tate McRae,45dkTj5sMRSjrmBSBeiHym,2025
Stay The Same - Live Session,Marti Perramon,5avtmEzkiV6g9YlnadEAAX,2025
